hour,charge_mw,discharge_mw,soc_start_mwh,soc_end_mwh,actual_price_eur_mwh,median_price_eur_mwh,strategy
1,0.0,0.0,1.0,1.0,197.60126585382795,63.88996564720826,seasonal_naive
2,1.0,0.0,1.0,1.94,66.450999546979,63.33563762216141,seasonal_naive
3,0.06382978723404262,0.0,1.94,2.0,76.33879096611098,66.26425712963035,seasonal_naive
4,0.0,0.8835999999999999,2.0,1.06,75.604452882522,66.24925308771722,seasonal_naive
5,0.0,0.0,1.06,1.06,82.47627506446577,68.49010798908019,seasonal_naive
6,1.0,0.0,1.06,2.0,88.05332627460409,68.0937294179971,seasonal_naive
7,0.0,0.88,2.0,1.0638297872340425,73.87935824499576,68.616947495548,seasonal_naive
8,0.0,1.0,1.0638297872340425,0.0,70.266998668997,67.44305763650684,seasonal_naive
9,-0.0,0.0,0.0,-0.0,66.58355615026339,66.12373561663226,seasonal_naive
10,0.0,0.0,-0.0,-0.0,59.651922150941175,66.95793198450863,seasonal_naive
11,0.0,0.0,-0.0,-0.0,65.62843092857845,65.3971595462577,seasonal_naive
12,0.0,0.0,-0.0,0.0,78.44534066125757,66.94219507033378,seasonal_naive
13,0.0,0.0,0.0,-0.0,66.98768756470642,62.01972015530812,seasonal_naive
14,0.12765957446808524,0.0,-0.0,0.1200000000000001,57.96089738397933,66.33295621778598,seasonal_naive
15,0.0,0.0,0.1200000000000001,0.1200000000000001,75.58706189170817,55.02916193168843,seasonal_naive
16,1.0,0.0,0.1200000000000001,1.06,69.54927390708566,60.69613447594456,seasonal_naive
17,1.0,0.0,1.06,2.0,76.65792790754641,65.71699890224092,seasonal_naive
18,0.0,0.0,2.0,2.0,92.1197861859357,82.04186938982635,seasonal_naive
19,0.0,1.0,2.0,0.9361702127659575,96.30862135984896,69.09450888559104,seasonal_naive
20,0.0,0.88,0.9361702127659575,0.0,86.15213093251752,66.72123834439184,seasonal_naive
21,0.0,-0.0,0.0,-0.0,77.73735881061658,64.97589181906196,seasonal_naive
22,0.0,0.0,-0.0,0.0,71.54865861719603,58.7405516879654,seasonal_naive
23,0.06382978723404262,0.0,0.0,0.06000000000000005,60.694877745348016,58.69401334550733,seasonal_naive
24,1.0,0.0,0.06000000000000005,1.0,63.78585339257561,62.31004080634349,seasonal_naive
1,0.0,0.0,1.0,1.0,197.60126585382795,63.88996564720826,median_risk_neutral
2,0.0,0.0,1.0,1.0,66.450999546979,63.33563762216141,median_risk_neutral
3,0.0,0.0,1.0,1.0,76.33879096611098,66.26425712963035,median_risk_neutral
4,0.0,0.0,1.0,1.0,75.604452882522,66.24925308771722,median_risk_neutral
5,0.0,0.0,1.0,1.0,82.47627506446577,68.49010798908019,median_risk_neutral
6,0.0,0.0,1.0,1.0,88.05332627460409,68.0937294179971,median_risk_neutral
7,0.0,0.0,1.0,1.0,73.87935824499576,68.616947495548,median_risk_neutral
8,0.0,0.0,1.0,1.0,70.266998668997,67.44305763650684,median_risk_neutral
9,0.0,0.0,1.0,1.0,66.58355615026339,66.12373561663226,median_risk_neutral
10,0.0,0.0,1.0,1.0,59.651922150941175,66.95793198450863,median_risk_neutral
11,0.0,0.0,1.0,1.0,65.62843092857845,65.3971595462577,median_risk_neutral
12,0.0,0.0,1.0,1.0,78.44534066125757,66.94219507033378,median_risk_neutral
13,0.0,0.0,1.0,1.0,66.98768756470642,62.01972015530812,median_risk_neutral
14,0.0,0.0,1.0,1.0,57.96089738397933,66.33295621778598,median_risk_neutral
15,1.0,0.0,1.0,1.94,75.58706189170817,55.02916193168843,median_risk_neutral
16,0.0,0.0,1.94,1.94,69.54927390708566,60.69613447594456,median_risk_neutral
17,0.0,0.0,1.94,1.94,76.65792790754641,65.71699890224092,median_risk_neutral
18,0.0,1.0,1.94,0.8761702127659574,92.1197861859357,82.04186938982635,median_risk_neutral
19,0.0,0.0,0.8761702127659574,0.8761702127659574,96.30862135984896,69.09450888559104,median_risk_neutral
20,0.0,0.0,0.8761702127659574,0.8761702127659574,86.15213093251752,66.72123834439184,median_risk_neutral
21,0.0,0.0,0.8761702127659574,0.8761702127659574,77.73735881061658,64.97589181906196,median_risk_neutral
22,0.0,0.0,0.8761702127659574,0.8761702127659574,71.54865861719603,58.7405516879654,median_risk_neutral
23,0.1317338162064283,0.0,0.8761702127659574,1.0,60.694877745348016,58.69401334550733,median_risk_neutral
24,0.0,0.0,1.0,1.0,63.78585339257561,62.31004080634349,median_risk_neutral
1,0.0,0.0,1.0,1.0,197.60126585382795,63.88996564720826,raw_cvar
2,0.0,0.0,1.0,1.0,66.450999546979,63.33563762216141,raw_cvar
3,0.0,0.0,1.0,1.0,76.33879096611098,66.26425712963035,raw_cvar
4,0.0,0.0,1.0,1.0,75.604452882522,66.24925308771722,raw_cvar
5,0.0,0.0,1.0,1.0,82.47627506446577,68.49010798908019,raw_cvar
6,0.0,0.0,1.0,1.0,88.05332627460409,68.0937294179971,raw_cvar
7,0.0,0.0,1.0,1.0,73.87935824499576,68.616947495548,raw_cvar
8,0.0,0.0,1.0,1.0,70.266998668997,67.44305763650684,raw_cvar
9,0.0,0.0,1.0,1.0,66.58355615026339,66.12373561663226,raw_cvar
10,0.0,0.0,1.0,1.0,59.651922150941175,66.95793198450863,raw_cvar
11,0.0,0.0,1.0,1.0,65.62843092857845,65.3971595462577,raw_cvar
12,0.0,0.0,1.0,1.0,78.44534066125757,66.94219507033378,raw_cvar
13,0.0,0.0,1.0,1.0,66.98768756470642,62.01972015530812,raw_cvar
14,0.0,0.0,1.0,1.0,57.96089738397933,66.33295621778598,raw_cvar
15,1.0,0.0,1.0,1.94,75.58706189170817,55.02916193168843,raw_cvar
16,0.0,0.0,1.94,1.94,69.54927390708566,60.69613447594456,raw_cvar
17,0.0,0.0,1.94,1.94,76.65792790754641,65.71699890224092,raw_cvar
18,0.0,1.0,1.94,0.8761702127659574,92.1197861859357,82.04186938982635,raw_cvar
19,0.0,0.0,0.8761702127659574,0.8761702127659574,96.30862135984896,69.09450888559104,raw_cvar
20,0.0,0.0,0.8761702127659574,0.8761702127659574,86.15213093251752,66.72123834439184,raw_cvar
21,0.0,0.0,0.8761702127659574,0.8761702127659574,77.73735881061658,64.97589181906196,raw_cvar
22,0.0,0.0,0.8761702127659574,0.8761702127659574,71.54865861719603,58.7405516879654,raw_cvar
23,0.1317338162064283,0.0,0.8761702127659574,1.0,60.694877745348016,58.69401334550733,raw_cvar
24,0.0,0.0,1.0,1.0,63.78585339257561,62.31004080634349,raw_cvar
1,0.0,0.0,1.0,1.0,197.60126585382795,63.88996564720826,static_cvar
2,0.0,0.0,1.0,1.0,66.450999546979,63.33563762216141,static_cvar
3,0.0,0.0,1.0,1.0,76.33879096611098,66.26425712963035,static_cvar
4,0.0,0.0,1.0,1.0,75.604452882522,66.24925308771722,static_cvar
5,0.0,0.0,1.0,1.0,82.47627506446577,68.49010798908019,static_cvar
6,0.0,0.0,1.0,1.0,88.05332627460409,68.0937294179971,static_cvar
7,0.0,0.0,1.0,1.0,73.87935824499576,68.616947495548,static_cvar
8,0.0,0.0,1.0,1.0,70.266998668997,67.44305763650684,static_cvar
9,0.0,0.0,1.0,1.0,66.58355615026339,66.12373561663226,static_cvar
10,0.0,0.0,1.0,1.0,59.651922150941175,66.95793198450863,static_cvar
11,0.0,0.0,1.0,1.0,65.62843092857845,65.3971595462577,static_cvar
12,0.0,0.0,1.0,1.0,78.44534066125757,66.94219507033378,static_cvar
13,0.0,0.0,1.0,1.0,66.98768756470642,62.01972015530812,static_cvar
14,0.0,0.0,1.0,1.0,57.96089738397933,66.33295621778598,static_cvar
15,1.0,0.0,1.0,1.94,75.58706189170817,55.02916193168843,static_cvar
16,0.0,0.0,1.94,1.94,69.54927390708566,60.69613447594456,static_cvar
17,0.0,0.0,1.94,1.94,76.65792790754641,65.71699890224092,static_cvar
18,0.0,1.0,1.94,0.8761702127659574,92.1197861859357,82.04186938982635,static_cvar
19,0.0,0.20124780083280097,0.8761702127659574,0.6620768076246798,96.30862135984896,69.09450888559104,static_cvar
20,0.0,0.0,0.6620768076246798,0.6620768076246798,86.15213093251752,66.72123834439184,static_cvar
21,0.0,0.0,0.6620768076246798,0.6620768076246798,77.73735881061658,64.97589181906196,static_cvar
22,0.0,0.0,0.6620768076246798,0.6620768076246798,71.54865861719603,58.7405516879654,static_cvar
23,0.35949275784608536,0.0,0.6620768076246798,1.0,60.694877745348016,58.69401334550733,static_cvar
24,0.0,0.0,1.0,1.0,63.78585339257561,62.31004080634349,static_cvar
1,0.0,0.0,1.0,1.0,197.60126585382795,63.88996564720826,adaptive_risk_neutral
2,0.0,0.0,1.0,1.0,66.450999546979,63.33563762216141,adaptive_risk_neutral
3,0.0,0.0,1.0,1.0,76.33879096611098,66.26425712963035,adaptive_risk_neutral
4,0.0,0.0,1.0,1.0,75.604452882522,66.24925308771722,adaptive_risk_neutral
5,0.0,0.0,1.0,1.0,82.47627506446577,68.49010798908019,adaptive_risk_neutral
6,0.0,0.0,1.0,1.0,88.05332627460409,68.0937294179971,adaptive_risk_neutral
7,0.0,0.0,1.0,1.0,73.87935824499576,68.616947495548,adaptive_risk_neutral
8,0.0,0.0,1.0,1.0,70.266998668997,67.44305763650684,adaptive_risk_neutral
9,0.0,0.0,1.0,1.0,66.58355615026339,66.12373561663226,adaptive_risk_neutral
10,0.0,0.0,1.0,1.0,59.651922150941175,66.95793198450863,adaptive_risk_neutral
11,0.0,0.0,1.0,1.0,65.62843092857845,65.3971595462577,adaptive_risk_neutral
12,0.0,0.0,1.0,1.0,78.44534066125757,66.94219507033378,adaptive_risk_neutral
13,0.0,0.0,1.0,1.0,66.98768756470642,62.01972015530812,adaptive_risk_neutral
14,0.0,0.0,1.0,1.0,57.96089738397933,66.33295621778598,adaptive_risk_neutral
15,1.0,0.0,1.0,1.94,75.58706189170817,55.02916193168843,adaptive_risk_neutral
16,0.0,0.0,1.94,1.94,69.54927390708566,60.69613447594456,adaptive_risk_neutral
17,0.0,0.0,1.94,1.94,76.65792790754641,65.71699890224092,adaptive_risk_neutral
18,0.0,1.0,1.94,0.8761702127659574,92.1197861859357,82.04186938982635,adaptive_risk_neutral
19,0.0,0.0,0.8761702127659574,0.8761702127659574,96.30862135984896,69.09450888559104,adaptive_risk_neutral
20,0.0,0.0,0.8761702127659574,0.8761702127659574,86.15213093251752,66.72123834439184,adaptive_risk_neutral
21,0.0,0.0,0.8761702127659574,0.8761702127659574,77.73735881061658,64.97589181906196,adaptive_risk_neutral
22,0.0,0.0,0.8761702127659574,0.8761702127659574,71.54865861719603,58.7405516879654,adaptive_risk_neutral
23,0.1317338162064283,0.0,0.8761702127659574,1.0,60.694877745348016,58.69401334550733,adaptive_risk_neutral
24,0.0,0.0,1.0,1.0,63.78585339257561,62.31004080634349,adaptive_risk_neutral
1,0.0,0.0,1.0,1.0,197.60126585382795,63.88996564720826,adaptive_cvar
2,0.0,0.0,1.0,1.0,66.450999546979,63.33563762216141,adaptive_cvar
3,0.0,0.0,1.0,1.0,76.33879096611098,66.26425712963035,adaptive_cvar
4,0.0,0.0,1.0,1.0,75.604452882522,66.24925308771722,adaptive_cvar
5,0.0,0.0,1.0,1.0,82.47627506446577,68.49010798908019,adaptive_cvar
6,0.0,0.0,1.0,1.0,88.05332627460409,68.0937294179971,adaptive_cvar
7,0.0,0.0,1.0,1.0,73.87935824499576,68.616947495548,adaptive_cvar
8,0.0,0.0,1.0,1.0,70.266998668997,67.44305763650684,adaptive_cvar
9,0.0,0.0,1.0,1.0,66.58355615026339,66.12373561663226,adaptive_cvar
10,0.0,0.0,1.0,1.0,59.651922150941175,66.95793198450863,adaptive_cvar
11,0.0,0.0,1.0,1.0,65.62843092857845,65.3971595462577,adaptive_cvar
12,0.0,0.0,1.0,1.0,78.44534066125757,66.94219507033378,adaptive_cvar
13,0.0,0.0,1.0,1.0,66.98768756470642,62.01972015530812,adaptive_cvar
14,0.0,0.0,1.0,1.0,57.96089738397933,66.33295621778598,adaptive_cvar
15,1.0,0.0,1.0,1.94,75.58706189170817,55.02916193168843,adaptive_cvar
16,0.0,0.0,1.94,1.94,69.54927390708566,60.69613447594456,adaptive_cvar
17,0.0,0.0,1.94,1.94,76.65792790754641,65.71699890224092,adaptive_cvar
18,0.0,1.0,1.94,0.8761702127659574,92.1197861859357,82.04186938982635,adaptive_cvar
19,0.0,0.0,0.8761702127659574,0.8761702127659574,96.30862135984896,69.09450888559104,adaptive_cvar
20,0.0,0.0,0.8761702127659574,0.8761702127659574,86.15213093251752,66.72123834439184,adaptive_cvar
21,0.0,0.0,0.8761702127659574,0.8761702127659574,77.73735881061658,64.97589181906196,adaptive_cvar
22,0.1317338162064283,0.0,0.8761702127659574,1.0,71.54865861719603,58.7405516879654,adaptive_cvar
23,0.0,0.0,1.0,1.0,60.694877745348016,58.69401334550733,adaptive_cvar
24,0.0,0.0,1.0,1.0,63.78585339257561,62.31004080634349,adaptive_cvar
1,0.0,0.9400000000000001,1.0,0.0,197.60126585382795,63.88996564720826,oracle
2,1.0,0.0,0.0,0.94,66.450999546979,63.33563762216141,oracle
3,0.0,0.0,0.94,0.94,76.33879096611098,66.26425712963035,oracle
4,0.0,0.0,0.94,0.94,75.604452882522,66.24925308771722,oracle
5,0.0,0.0,0.94,0.94,82.47627506446577,68.49010798908019,oracle
6,0.0,0.8835999999999999,0.94,0.0,88.05332627460409,68.0937294179971,oracle
7,0.0,0.0,0.0,-0.0,73.87935824499576,68.616947495548,oracle
8,0.0,0.0,-0.0,-0.0,70.266998668997,67.44305763650684,oracle
9,-0.0,0.0,-0.0,0.0,66.58355615026339,66.12373561663226,oracle
10,1.0,0.0,0.0,0.94,59.651922150941175,66.95793198450863,oracle
11,0.12765957446808524,0.0,0.94,1.06,65.62843092857845,65.3971595462577,oracle
12,0.0,0.0,1.06,1.06,78.44534066125757,66.94219507033378,oracle
13,0.0,0.0,1.06,1.06,66.98768756470642,62.01972015530812,oracle
14,1.0,0.0,1.06,2.0,57.96089738397933,66.33295621778598,oracle
15,0.0,0.0,2.0,2.0,75.58706189170817,55.02916193168843,oracle
16,-0.0,0.0,2.0,2.0,69.54927390708566,60.69613447594456,oracle
17,0.0,0.0,2.0,2.0,76.65792790754641,65.71699890224092,oracle
18,0.0,0.88,2.0,1.0638297872340425,92.1197861859357,82.04186938982635,oracle
19,0.0,1.0,1.0638297872340425,0.0,96.30862135984896,69.09450888559104,oracle
20,0.0,-0.0,0.0,-0.0,86.15213093251752,66.72123834439184,oracle
21,0.0,0.0,-0.0,0.0,77.73735881061658,64.97589181906196,oracle
22,-0.0,0.0,0.0,0.0,71.54865861719603,58.7405516879654,oracle
23,1.0,0.0,0.0,0.94,60.694877745348016,58.69401334550733,oracle
24,0.06382978723404262,0.0,0.94,1.0,63.78585339257561,62.31004080634349,oracle
